"site","siteproducer","long_name","culture_mode","department_for_customer","position_into_department_for_customer","department_for_producer","position_into_department_for_producer","order_by_kg_pay_by_kg","order_by_piece_pay_by_kg","order_by_piece_pay_by_piece","producer_must_give_order_detail_per_customer","producer_unit_price","customer_minimum_order_quantity","customer_increment_order_quantity","customer_alert_order_quantity","is_active"
3,"BLONDEEL","long_product_name1","Bio","Préparations à base de volaille",100,"Préparations à base de volaille",100,"False","False","True","True",18,1,1,5,"True"
3,"BLONDEEL","long_product_name2","Bio","Préparations à base de volaille",200,"Préparations à base de volaille",200,"False","False","True","False","0.9",1,1,5,"True"
3,"BLONDEEL","long_product_name3","Bio","Préparations à base de volaille",300,"Préparations à base de volaille",300,"False","False","True","False","0.9",1,1,5,"True"
3,"BLONDEEL","long_product_name4","Bio","Préparations à base de volaille",400,"Préparations à base de volaille",400,"False","False","True","True",20,"0.25","0.5",1,"True"
3,"BLONDEEL","long_product_name5","Bio","Préparations à base de volaille",500,"Préparations à base de volaille",500,"False","False","True","False","2.4",1,1,5,"True"
3,"BLONDEEL","long_product_name6","Bio","Préparations à base de volaille",600,"Préparations à base de volaille",600,"False","False","True","True",11,"0.25","0.5",1,"True"
3,"BLONDEEL","long_product_name7","Plein air, grain bio","Préparations à base de volaille",700,"Préparations à base de volaille",700,"False","False","True","True","9.95",1,1,2,"True"
3,"BLONDEEL","long_product_name8","Plein air, grain bio","Préparations à base de volaille",800,"Préparations à base de volaille",800,"False","False","True","True",17,1,1,5,"True"
3,"BLONDEEL","long_product_name9","Plein air, grain bio","Préparations à base de volaille",900,"Préparations à base de volaille",900,"False","False","True","False","4.75",1,1,5,"True"
3,"BLONDEEL","long_product_name10","Plein air, grain bio","Volaille",100,"Volaille",100,"False","True","False","True","17.5",1,1,4,"True"
3,"BLONDEEL","long_product_name11","Plein air, grain bio","Volaille",200,"Volaille",200,"False","True","False","True","4.5",1,1,2,"True"
3,"BLONDEEL","long_product_name12","Plein air, grain bio","Volaille",300,"Volaille",300,"False","True","False","True","8.3",1,1,2,"True"
3,"BLONDEEL","long_product_name13","Plein air, grain bio","Volaille",400,"Volaille",400,"False","True","False","True","9.95",1,1,4,"True"
3,"BLONDEEL","long_product_name14","Plein air, grain bio","Volaille",500,"Volaille",500,"False","True","False","True","22.1",1,1,4,"True"
3,"BRUYERE","long_product_name15","Bio","Fromage – mélanges de laits",100,"Fromage – mélanges de laits",100,"False","False","True","True",20,"0.15","0.05","0.5","True"
3,"BRUYERE","long_product_name16","Bio","Fromage de brebis",100,"Fromage de brebis",100,"False","False","True","True",20,"0.15","0.05","0.5","True"
3,"BRUYERE","long_product_name17","Bio","Fromage de brebis",200,"Fromage de brebis",200,"False","False","True","True",20,"0.15","0.05","0.5","True"
3,"BRUYERE","long_product_name18","Bio","Fromage de brebis",300,"Fromage de brebis",300,"False","False","True","True",20,"0.15","0.05","0.5","True"
3,"BRUYERE","long_product_name19","Bio","Fromage de brebis",400,"Fromage de brebis",400,"False","False","True","True",2,1,1,3,"True"
3,"BRUYERE","long_product_name20","Bio","Fromage de brebis",500,"Fromage de brebis",500,"False","False","True","True",20,"0.15","0.05","0.5","True"
3,"BRUYERE","long_product_name21","Bio","Fromage de brebis",600,"Fromage de brebis",600,"False","False","True","True",20,"0.15","0.05","0.5","True"
3,"BRUYERE","long_product_name22","Bio","Fromage de chèvre ",100,"Fromage de chèvre ",100,"False","False","True","True",3,1,1,3,"True"
3,"BRUYERE","long_product_name23","Bio","Fromage de chèvre ",200,"Fromage de chèvre ",200,"False","False","True","True",3,1,1,3,"True"
3,"BRUYERE","long_product_name24","Bio","Fromage de chèvre ",300,"Fromage de chèvre ",300,"False","False","True","True",15,"0.15","0.05","0.5","True"
3,"BRUYERE","long_product_name25","Bio","Fromage de chèvre ",400,"Fromage de chèvre ",400,"False","False","True","True","2.5",1,1,3,"True"
3,"BRUYERE","long_product_name26","Bio","Fromage de vache",100,"Fromage de vache",100,"False","False","True","True",20,"0.15","0.05","0.5","True"
3,"BRUYERE","long_product_name27","Bio","Fromage de vache",200,"Fromage de vache",200,"False","False","True","True",15,"0.15","0.05","0.5","True"
3,"BRUYERE","long_product_name28","Bio","Fromage de vache",300,"Fromage de vache",300,"False","False","True","True",15,"0.15","0.05","0.5","True"
3,"BRUYERE","long_product_name29","Bio","Fromage de vache",400,"Fromage de vache",400,"False","False","True","True",5,1,1,3,"True"
3,"BRUYERE","long_product_name30","Bio","Fromage de vache",500,"Fromage de vache",500,"False","False","True","True",15,"0.15","0.05","0.5","True"
3,"BRUYERE","long_product_name31","Bio","Fromage de vache",600,"Fromage de vache",600,"False","False","True","True",15,"0.15","0.05","0.5","True"
3,"CAUCHIE","long_product_name32","Bio","Agrume de Sicile",100,"Agrume de Sicile",100,"False","False","True","False","1.9","0.5","0.5",3,"True"
3,"CAUCHIE","long_product_name33","Bio","Agrume de Sicile",200,"Agrume de Sicile",200,"False","False","True","False","2.2","0.5","0.5",5,"True"
3,"DORLOU","long_product_name34","Bio","Crèmerie",100,"Crèmerie",100,"False","False","True","False","0.95",1,1,5,"True"
3,"DORLOU","long_product_name35","Bio","Crèmerie",200,"Crèmerie",200,"False","False","True","False",1,1,1,5,"True"
3,"DORLOU","long_product_name36","Bio","Crèmerie",300,"Crèmerie",300,"False","False","True","False","1.9",1,1,5,"True"
3,"DORLOU","long_product_name37","Bio","Crèmerie",400,"Crèmerie",400,"False","False","True","False","1.65",1,1,5,"True"
3,"DORLOU","long_product_name38","Bio","Crèmerie ",500,"Crèmerie ",500,"False","False","True","False","2.25",1,1,5,"True"
3,"DORLOU","long_product_name39","Bio","Crèmerie ",600,"Crèmerie ",600,"False","False","True","False","2.25",1,1,5,"True"
3,"DORLOU","long_product_name40","Bio","Crèmerie ",700,"Crèmerie ",700,"False","False","True","False","1.65",1,1,5,"True"
3,"DORLOU","long_product_name41","Bio","Fromage de chèvre ",100,"Fromage de chèvre ",100,"False","False","True","True",24,"0.25","0.05","0.5","True"
3,"DORLOU","long_product_name42","Bio","Fromage de chèvre ",200,"Fromage de chèvre ",200,"False","False","True","False","1.65",1,1,3,"True"
3,"DORLOU","long_product_name43","Bio","Fromage de vache",100,"Fromage de vache",100,"False","False","True","False","1.65",1,1,3,"True"
3,"DORLOU","long_product_name44","Bio","Fromage de vache",200,"Fromage de vache",200,"False","False","True","True","11.5","0.25","0.05","0.5","True"
3,"DORLOU","long_product_name45","Bio","Fromage de vache",300,"Fromage de vache",300,"False","False","True","True",20,"0.25","0.05","0.5","True"
3,"DORLOU","long_product_name46","Bio","Fromage de vache",400,"Fromage de vache",400,"False","False","True","True","14.5","0.25","0.05","0.5","True"
3,"DORLOU","long_product_name47","Bio","Fromage de vache",500,"Fromage de vache",500,"False","False","True","True","17.5","0.25","0.05","0.5","True"
3,"DORLOU","long_product_name48","Bio","Fruits",100,"Fruits",100,"False","False","True","False","2.5","0.5","0.5",5,"True"
3,"DORLOU","long_product_name49","Bio","Jus",100,"Jus",100,"False","False","True","False","2.5",1,1,6,"True"
3,"DORLOU","long_product_name50","Bio","Lasagnes et pizza's",100,"Lasagnes et pizza's",100,"False","False","True","False",5,1,1,3,"True"
3,"DORLOU","long_product_name51","Bio","Lasagnes et pizza's",200,"Lasagnes et pizza's",200,"False","False","True","False",7,1,1,3,"True"
3,"DORLOU","long_product_name52","Plein air, grain bio","Volaille",100,"Volaille",100,"False","False","True","True",20,1,1,4,"True"
3,"DORLOU","long_product_name53","Plein air, grain bio","Volaille",200,"Volaille",200,"False","False","True","True","11.3",1,1,4,"True"
3,"FOURMANOY","long_product_name54","Farine bio","Farine",100,"Farine",100,"False","False","True","False","3.3",1,1,3,"True"
3,"FOURMANOY","long_product_name55","Farine bio","Farine",200,"Farine",200,"False","False","True","False","3.3",1,1,3,"True"
3,"FOURMANOY","long_product_name56","Farine bio","Pain",100,"Pain",100,"False","False","True","False","3.95",1,1,3,"True"
3,"FOURMANOY","long_product_name57","Farine bio","Pain",200,"Pain",200,"False","False","True","False","3.85",1,1,3,"True"
3,"FOURMANOY","long_product_name58","Farine bio","Pain",300,"Pain",300,"False","False","True","False","3.4",1,1,3,"True"
3,"FOURMANOY","long_product_name59","Farine bio","Pain",400,"Pain",400,"False","False","True","False","1.85",1,1,3,"True"
3,"FOURMANOY","long_product_name60","Farine bio","Pain",500,"Pain",500,"False","False","True","False","2.8",1,1,3,"True"
3,"FOURMANOY","long_product_name61","Farine bio","Pain",600,"Pain",600,"False","False","True","False","2.8",1,1,3,"True"
3,"FOURMANOY","long_product_name62","Farine bio","Pain",700,"Pain",700,"False","False","True","False","2.3",1,1,3,"True"
3,"FOURMANOY","long_product_name63","Farine bio","Pain",800,"Pain",800,"False","False","True","False","2.3",1,1,3,"True"
3,"FOURMANOY","long_product_name64","Farine bio","Pain",900,"Pain",900,"False","False","True","False","2.2",1,1,3,"True"
3,"FOURMANOY","long_product_name65","Farine bio","Pain",1000,"Pain",1000,"False","False","True","False","2.3",1,1,3,"True"
3,"FOURMANOY","long_product_name66","Farine bio","Pain",1100,"Pain",1100,"False","False","True","False","2.25",1,1,3,"True"
3,"FOURMANOY","long_product_name67","Farine bio","Pain",1200,"Pain",1200,"False","False","True","False","2.35",1,1,3,"True"
3,"FOURMANOY","long_product_name68","Farine bio","Pain",1300,"Pain",1300,"False","False","True","False","2.35",1,1,3,"True"
3,"FOURMANOY","long_product_name69","Farine bio","Pain",1400,"Pain",1400,"False","False","True","False","0.35",1,1,3,"True"
3,"FOURMANOY","long_product_name70","Farine bio","Proposition de la semaine",100,"Proposition de la semaine",100,"False","False","True","False","4.9",1,1,2,"True"
3,"FOURMANOY","long_product_name71","Farine bio","Proposition de la semaine",200,"Proposition de la semaine",200,"False","False","True","False","7.5",1,1,2,"True"
3,"FOURMANOY","long_product_name72","Farine bio","Proposition de la semaine",300,"Proposition de la semaine",300,"False","False","True","False",4,1,1,6,"True"
3,"FOURMANOY","long_product_name73","Farine bio","Proposition de la semaine",400,"Proposition de la semaine",400,"False","False","True","False",2,1,1,6,"True"
3,"FOURMANOY","long_product_name74","Farine bio","Proposition de la semaine",500,"Proposition de la semaine",500,"False","False","True","False","1.25",1,1,6,"True"
3,"FOURMANOY","long_product_name75","Farine bio","Tartes",600,"Tartes",600,"False","False","True","False","4.8",1,1,2,"True"
3,"FOURMANOY","long_product_name76","N/A","Transport",100,"Transport",100,"False","False","True","False","2.5",1,1,1,"True"
3,"FRISHKORN","long_product_name77","Bio","Hof Seghers",100,"Hof Seghers",100,"False","False","True","False","1.35","0.5","0.5",5,"True"
3,"FRISHKORN","long_product_name78","Bio","Hof Seghers",200,"Hof Seghers",200,"False","False","True","False","1.35",1,1,5,"True"
3,"FRISHKORN","long_product_name79","Bio","Hof Seghers",300,"Hof Seghers",300,"False","False","True","False","1.35","0.5","0.5",5,"True"
3,"FRISHKORN","long_product_name80","Bio","Hof Seghers",400,"Hof Seghers",400,"False","False","True","False","1.8",1,1,3,"True"
3,"FRISHKORN","long_product_name81","Bio","Hof Seghers",500,"Hof Seghers",500,"False","False","True","False","2.7","0.5","0.5",5,"True"
3,"FRISHKORN","long_product_name82","Bio","Hof Seghers",600,"Hof Seghers",600,"False","False","True","False","1.17","0.5","0.5",5,"True"
3,"FRISHKORN","long_product_name83","Bio","Hof Seghers",700,"Hof Seghers",700,"False","False","True","False","1.17","0.5","0.5",5,"True"
3,"FRISHKORN","long_product_name84","Bio","Hof Seghers",800,"Hof Seghers",800,"False","False","True","False","1.8","0.25","0.5",2,"True"
3,"FRISHKORN","long_product_name85","Bio","Non classé",100,"Non classé",100,"False","False","True","False","1.35",1,1,3,"True"
3,"FRISHKORN","long_product_name86","Bio","Non classé",200,"Non classé",200,"False","False","True","False","1.8","0.5","0.5",5,"True"
3,"FRISHKORN","long_product_name87","Bio","Non classé",300,"Non classé",300,"False","False","True","False","0.99",1,1,3,"True"
3,"FRISHKORN","long_product_name88","Bio","Non classé",400,"Non classé",400,"False","False","True","False","1.26",1,1,3,"True"
3,"FRISHKORN","long_product_name89","Bio","Non classé",500,"Non classé",500,"False","False","True","False","1.35",1,1,3,"True"
3,"FRISHKORN","long_product_name90","Bio","Non classé",600,"Non classé",600,"False","False","True","False","1.62",1,1,3,"True"
3,"FRISHKORN","long_product_name91","Bio","Non classé",700,"Non classé",700,"False","False","True","False","1.35",1,1,3,"True"
3,"FRISHKORN","long_product_name92","Bio","Non classé",800,"Non classé",800,"False","False","True","False","3.15",1,1,3,"True"
3,"FRISHKORN","long_product_name93","Bio","Non classé",900,"Non classé",900,"False","False","True","False","1.8",1,1,3,"True"
3,"FRISHKORN","long_product_name94","Bio","Non classé",1000,"Non classé",1000,"False","False","True","False","1.26",1,1,3,"True"
3,"FRISHKORN","long_product_name95","Bio","Non classé",1100,"Non classé",1100,"False","False","True","False","1.8","0.5","0.5",5,"True"
3,"FRISHKORN","long_product_name96","Bio","Non classé",1200,"Non classé",1200,"False","False","True","False","1.35","0.5","0.5",5,"True"
3,"FRISHKORN","long_product_name97","Bio","Non classé",1300,"Non classé",1300,"False","False","True","False","1.35",1,1,3,"True"
3,"FRISHKORN","long_product_name98","Bio","Non classé",1400,"Non classé",1400,"False","False","True","False","4.5","0.5","0.5",5,"True"
3,"FRISHKORN","long_product_name99","Bio","Non classé",1500,"Non classé",1500,"False","True","False","False","1.8",1,1,3,"True"
3,"FRISHKORN","long_product_name100","Bio","Non classé",1600,"Non classé",1600,"False","False","True","False","1.35",1,1,3,"True"
3,"FRISHKORN","long_product_name101","Bio","Verdurette et Salade",100,"Verdurette et Salade",100,"False","False","True","False","0.99",1,1,3,"True"
3,"FRISHKORN","long_product_name102","Bio","Verdurette et Salade",200,"Verdurette et Salade",200,"False","False","True","False","0.99",1,1,3,"True"
3,"FRISHKORN","long_product_name103","Bio","Verdurette et Salade",300,"Verdurette et Salade",300,"False","False","True","False",10,"0.1","0.1","0.5","True"
3,"FRISHKORN","long_product_name104","Bio","Verdurette et Salade",400,"Verdurette et Salade",400,"False","False","True","False","0.99",1,1,3,"True"
3,"FRISHKORN","long_product_name105","Bio","Verdurette et Salade",500,"Verdurette et Salade",500,"False","False","True","False","0.99",1,1,3,"True"
3,"FRISHKORN","long_product_name106","Bio","Verdurette et Salade",600,"Verdurette et Salade",600,"False","False","True","False","0.99",1,1,3,"True"
3,"FRISHKORN","long_product_name107","Bio","Verdurette et Salade",700,"Verdurette et Salade",700,"False","False","True","False","1.26",1,1,3,"True"
3,"FRISHKORN","long_product_name108","Bio","Verdurette et Salade",800,"Verdurette et Salade",800,"False","False","True","False","0.99",1,1,3,"True"
3,"HOSTIE","long_product_name109","Bio","Non classé",100,"Non classé",100,"False","False","True","False","1.1","0.5","0.5",3,"True"
3,"HOSTIE","long_product_name110","Bio","Non classé",200,"Non classé",200,"False","False","True","False","1.8",1,1,3,"True"
3,"HOSTIE","long_product_name111","Bio","Non classé",300,"Non classé",300,"False","False","True","False","1.8",1,1,3,"True"
3,"HOSTIE","long_product_name112","Bio","Non classé",400,"Non classé",400,"False","False","True","False","1.6",1,1,3,"True"
3,"HOSTIE","long_product_name113","Bio","Non classé",500,"Non classé",500,"False","False","True","False","1.6",1,1,3,"True"
3,"HOSTIE","long_product_name114","Bio","Non classé",600,"Non classé",600,"False","False","True","False","1.7",1,1,3,"True"
3,"HOSTIE","long_product_name115","Bio","Non classé",700,"Non classé",700,"False","False","True","False","1.5","0.5","0.5",3,"True"
3,"HOSTIE","long_product_name116","Bio","Non classé",800,"Non classé",800,"False","False","True","False","1.7","0.5","0.5",3,"True"
3,"HOSTIE","long_product_name117","Bio","Non classé",900,"Non classé",900,"False","False","True","False","2.7",1,1,3,"True"
3,"HOSTIE","long_product_name118","Bio","Non classé",1000,"Non classé",1000,"False","False","True","False","1.4","0.5","0.5",3,"True"
3,"HOSTIE","long_product_name119","Bio","Non classé",1100,"Non classé",1100,"False","False","True","False","0.9",1,1,3,"True"
3,"HOSTIE","long_product_name120","Bio","Non classé",1200,"Non classé",1200,"False","False","True","False","0.9",1,1,3,"True"
3,"HOSTIE","long_product_name121","Bio","Non classé",1300,"Non classé",1300,"False","False","True","False","2.5",1,1,3,"True"
3,"HOSTIE","long_product_name122","Bio","Poti",100,"Poti",100,"False","True","False","False","1.5",1,1,2,"True"
3,"HOSTIE","long_product_name123","Bio","Poti",200,"Poti",200,"False","True","False","False","1.5",1,1,2,"True"
3,"HOSTIE","long_product_name124","Bio","Poti",300,"Poti",300,"False","True","False","False",2,1,1,2,"True"
3,"HOSTIE","long_product_name125","Bio","Poti",400,"Poti",400,"False","True","False","False","1.5",1,1,2,"True"
3,"HOSTIE","long_product_name126","Bio","Poti",500,"Poti",500,"False","True","False","False","1.1",1,1,2,"True"
3,"HOSTIE","long_product_name127","Bio","Poti",600,"Poti",600,"False","True","False","False","1.1",1,1,2,"True"
3,"HOSTIE","long_product_name128","Bio","Poti",700,"Poti",700,"False","True","False","False","1.5",1,1,2,"True"
3,"HOSTIE","long_product_name129","Bio","Poti",800,"Poti",800,"False","True","False","False",2,1,1,2,"True"
3,"HOSTIE","long_product_name130","Bio","Verdurette et Salade",100,"Verdurette et Salade",100,"False","False","True","False","1.3","0.1","0.1","0.5","True"
3,"HOSTIE","long_product_name131","Bio","Verdurette et Salade",200,"Verdurette et Salade",200,"False","False","True","False","1.5","0.1","0.1","0.5","True"
3,"MOTTE","long_product_name132","Bio","Jus",100,"Jus",100,"False","False","True","False","3.2",1,1,6,"True"
3,"MOTTE","long_product_name133","Bio","Jus",200,"Jus",200,"False","False","True","False","4.2",1,1,6,"True"
3,"MOTTE","long_product_name134","Bio","Jus",300,"Jus",300,"False","False","True","False","4.2",1,1,6,"True"
3,"MOULIN","long_product_name135","Bio","Crèmerie",100,"Crèmerie",100,"False","False","True","False","4.25",1,1,5,"True"
3,"MOULIN","long_product_name136","Bio","Crèmerie",200,"Crèmerie",200,"False","False","True","False","2.25",1,1,5,"True"
3,"MOULIN","long_product_name137","Bio","Crèmerie",300,"Crèmerie",300,"False","False","True","False","4.25",1,1,5,"True"
3,"MOULIN","long_product_name138","Bio","Crèmerie",400,"Crèmerie",400,"False","False","True","False","2.25",1,1,5,"True"
3,"MOULIN","long_product_name139","Bio","Crèmerie",500,"Crèmerie",500,"False","False","True","False","4.25",1,1,5,"True"
3,"MOULIN","long_product_name140","Bio","Crèmerie",600,"Crèmerie",600,"False","False","True","False",2,1,1,5,"True"
3,"MOULIN","long_product_name141","Bio","Crèmerie",700,"Crèmerie",700,"False","False","True","False",2,1,1,5,"True"
3,"MOULIN","long_product_name142","Bio","Crèmerie",800,"Crèmerie",800,"False","False","True","False",2,1,1,5,"True"
3,"MOULIN","long_product_name143","Bio","Crèmerie",900,"Crèmerie",900,"False","False","True","False",2,1,1,5,"True"
3,"MOULIN","long_product_name144","Bio","Crèmerie",1000,"Crèmerie",1000,"False","False","True","False",1,1,1,5,"True"
3,"MOULIN","long_product_name145","Bio","Crèmerie",1100,"Crèmerie",1100,"False","False","True","False","1.5",1,1,5,"True"
3,"MOULIN","long_product_name146","Bio","Crèmerie",1200,"Crèmerie",1200,"False","False","True","False","2.1",1,1,5,"True"
3,"MOULIN","long_product_name147","Bio","Crèmerie",1300,"Crèmerie",1300,"False","False","True","False","1.5",1,1,5,"True"
3,"MOULIN","long_product_name148","Bio","Crèmerie",1500,"Crèmerie",1500,"False","False","True","False","2.25",1,1,5,"True"
3,"MOULIN","long_product_name149","Bio","Crèmerie",1600,"Crèmerie",1600,"False","False","True","False","2.25",1,1,5,"True"
3,"MOULIN","long_product_name150","Bio","Glace",100,"Glace",100,"False","False","True","False","1.5",1,1,6,"True"
3,"MOULIN","long_product_name151","Bio","Glace",200,"Glace",200,"False","False","True","False","1.5",1,1,6,"True"
3,"MOULIN","long_product_name152","Bio","Glace",300,"Glace",300,"False","False","True","False","6.5",1,1,3,"True"
3,"MOULIN","long_product_name153","Bio","Saucisson ",100,"Saucisson ",100,"False","False","True","False",8,1,1,3,"True"
3,"MOULIN","long_product_name154","Plein air, grain bio","Volaille congelée",100,"Volaille congelée",100,"False","True","False","True","7.5",1,1,2,"True"
3,"MOULIN","long_product_name155","Plein air, grain bio","Volaille congelée",200,"Volaille congelée",200,"False","True","False","True","7.5",1,1,2,"True"
3,"POM D'HAPPY","long_product_name156","Bio","Jus",100,"Jus",100,"False","False","True","False","2.3",1,1,6,"True"
3,"POM D'HAPPY","long_product_name157","Bio","Jus",200,"Jus",200,"False","False","True","False","2.3",1,1,6,"True"
3,"POM D'HAPPY","long_product_name158","Bio","Poire",100,"Poire",100,"False","False","True","False","1.5","0.5","0.5",3,"True"
3,"POM D'HAPPY","long_product_name159","Bio","Poire",200,"Poire",200,"False","False","True","False","1.5","0.5","0.5",3,"True"
3,"POM D'HAPPY","long_product_name160","Bio","Poire",300,"Poire",300,"False","False","True","False","1.5","0.5","0.5",3,"True"
3,"POM D'HAPPY","long_product_name161","Bio","Poire",400,"Poire",400,"False","False","True","False","1.5","0.5","0.5",3,"True"
3,"POM D'HAPPY","long_product_name162","Bio","Poire",500,"Poire",500,"False","False","True","False","1.5","0.5","0.5",3,"True"
3,"POM D'HAPPY","long_product_name163","Bio","Poire",600,"Poire",600,"False","False","True","False","1.5","0.5","0.5",3,"True"
3,"POM D'HAPPY","long_product_name164","Bio","Pomme",100,"Pomme",100,"False","False","True","False","1.2","0.5","0.5",3,"True"
3,"POM D'HAPPY","long_product_name165","Bio","Pomme",200,"Pomme",200,"False","False","True","False","1.5","0.5","0.5",3,"True"
3,"POM D'HAPPY","long_product_name166","Bio","Pomme",300,"Pomme",300,"False","False","True","False","1.2","0.5","0.5",3,"True"
3,"POM D'HAPPY","long_product_name167","Bio","Pomme",400,"Pomme",400,"False","False","True","False","1.2","0.5","0.5",3,"True"
3,"POM D'HAPPY","long_product_name168","Bio","Pomme",500,"Pomme",500,"False","False","True","False","1.2","0.5","0.5",3,"True"
3,"POM D'HAPPY","long_product_name169","Bio","Pomme",600,"Pomme",600,"False","False","True","False","1.2","0.5","0.5",3,"True"
3,"POM D'HAPPY","long_product_name170","Bio","Pomme",700,"Pomme",700,"False","False","True","False","1.5","0.5","0.5",3,"True"
3,"POM D'HAPPY","long_product_name171","Bio","Pomme",800,"Pomme",800,"False","False","True","False","1.5","0.5","0.5",3,"True"
3,"PORTOIS","long_product_name172","Bio","Pomme",100,"Pomme",100,"False","False","True","False",2,"0.5","0.5",3,"True"
3,"PORTOIS","long_product_name173","Bio","Pomme",200,"Pomme",200,"False","False","True","False","1.5","0.5","0.5",3,"True"
3,"PORTOIS","long_product_name174","Bio","Pomme",300,"Pomme",300,"False","False","True","False",2,"0.5","0.5",3,"True"
3,"PORTOIS","long_product_name175","Bio","Pomme",400,"Pomme",400,"False","False","True","False",2,"0.5","0.5",3,"True"
3,"PORTOIS","long_product_name176","Bio","Pomme",500,"Pomme",500,"False","False","True","False","1.5","0.5","0.5",3,"True"
3,"PORTOIS","long_product_name177","Bio","Pomme",600,"Pomme",600,"False","False","True","False",2,"0.5","0.5",3,"True"
3,"PORTOIS","long_product_name178","Bio","Pomme",700,"Pomme",700,"False","False","True","False","1.5","0.5","0.5",3,"True"
3,"RAUCQ","long_product_name179","Bio","Crèmerie",100,"Crèmerie",100,"False","False","True","False","4.25",1,1,5,"True"
3,"RAUCQ","long_product_name180","Bio","Fromage de vache",100,"Fromage de vache",100,"False","False","True","False","1.5",1,1,3,"True"
3,"RAUCQ","long_product_name181","Bio","Fromage de vache",200,"Fromage de vache",200,"False","False","True","False","1.5",1,1,3,"True"
3,"RAUCQ","long_product_name182","Bio","Fromage de vache",300,"Fromage de vache",300,"False","False","True","True",14,"0.5","0.25",2,"True"
3,"RAUCQ","long_product_name183","Bio","Fromage de vache",400,"Fromage de vache",400,"False","False","True","False",6,1,1,3,"True"
3,"RAUCQ","long_product_name184","Bio","Fromage de vache",600,"Fromage de vache",600,"False","False","True","False","6.5",1,1,3,"True"
3,"RAUCQ","long_product_name185","Bio","Fromage de vache",700,"Fromage de vache",700,"False","False","True","False","6.5",1,1,3,"True"
3,"RAUCQ","long_product_name186","Bio","Fromage de vache",800,"Fromage de vache",800,"False","False","True","False","6.5",1,1,3,"True"
3,"RAUCQ","long_product_name187","Bio","Fromage de vache",900,"Fromage de vache",900,"False","False","True","False","6.5",1,1,3,"True"
3,"RAUCQ","long_product_name188","Bio","Fromage de vache",1000,"Fromage de vache",1000,"False","False","True","False","6.5",1,1,3,"True"
5,"BEAUREGARD","long_product_name189","Bio","Jus",100,"Jus",100,"False","False","True","False",6,1,1,3,"True"
5,"BEAUREGARD","long_product_name190","Bio","Jus",200,"Jus",200,"False","False","True","False",6,1,1,3,"True"
5,"BEAUREGARD","long_product_name191","Bio","Jus",300,"Jus",300,"False","False","True","False",9,1,1,3,"True"
5,"BEAUREGARD","long_product_name192","Bio","Jus",400,"Jus",400,"False","False","True","False",9,1,1,3,"True"
5,"BEAUREGARD","long_product_name193","Bio","Jus",500,"Jus",500,"False","False","True","False",16,1,1,3,"True"
5,"BEAUREGARD","long_product_name194","Bio","Pomme",100,"Pomme",100,"True","False","False","False","1.3","0.5","0.5",3,"True"
5,"BEAUREGARD","long_product_name195","Bio","Pomme",200,"Pomme",200,"True","False","False","False","1.5","0.5","0.5",3,"True"
5,"BEAUREGARD","long_product_name196","Bio","Poire",100,"Poire",100,"True","False","False","False","1.3","0.5","0.5",3,"True"
5,"BEAUREGARD","long_product_name197","Bio","Poire",200,"Poire",200,"True","False","False","False","1.5","0.5","0.5",3,"True"
5,"BEAUREGARD","long_product_name198","Bio","Poire",300,"Poire",300,"True","False","False","False","1.5","0.5","0.5",3,"True"
5,"BEAUREGARD","long_product_name199","Bio","Poire",400,"Poire",400,"True","False","False","False","1.25","0.5","0.5",3,"True"
5,"BEAUREGARD","long_product_name200","Bio","Confiture",100,"Confiture",100,"False","False","True","False","2.75",1,1,3,"True"
5,"BEAUREGARD","long_product_name201","Bio","Confiture",200,"Confiture",200,"False","False","True","False","2.75",1,1,3,"True"
5,"BEAUREGARD","long_product_name202","Bio","Confiture",300,"Confiture",300,"False","False","True","False","2.75",1,1,3,"True"
5,"BEAUREGARD","long_product_name203","Bio","Confiture",400,"Confiture",400,"False","False","True","False","2.75",1,1,3,"True"
5,"BEAUREGARD","long_product_name204","Bio","Confiture",500,"Confiture",500,"False","False","True","False","2.75",1,1,3,"True"
5,"BEAUREGARD","long_product_name205","Bio","Confiture",600,"Confiture",600,"False","False","True","False","2.75",1,1,3,"True"
5,"BEAUREGARD","long_product_name206","Bio","Confiture",700,"Confiture",700,"False","False","True","False","1.8",1,1,3,"True"
5,"BETTE","long_product_name207","Bio","Courge",100,"Courge",100,"False","True","False","False","1.7",1,1,3,"True"
5,"BETTE","long_product_name208","Bio","Courge",200,"Courge",200,"False","True","False","False","1.7",1,1,3,"True"
5,"BETTE","long_product_name209","Bio","Courge",300,"Courge",300,"False","True","False","False",2,1,1,3,"True"
5,"BETTE","long_product_name210","Bio","Courge",400,"Courge",400,"False","True","False","False","2.5",1,1,3,"True"
5,"BETTE","long_product_name211","Bio","Courge",500,"Courge",500,"False","True","False","False","2.5",1,1,3,"True"
5,"ROISIN","long_product_name212","Bio","Crèmerie",100,"Crèmerie",100,"False","False","True","False","3.5",1,1,3,"True"
5,"ROISIN","long_product_name213","Bio","Crèmerie",200,"Crèmerie",200,"False","False","True","False","1.75",1,1,3,"True"
5,"ROISIN","long_product_name214","Bio","Crèmerie",300,"Crèmerie",300,"False","False","True","False","3.5",1,1,3,"True"
5,"ROISIN","long_product_name215","Bio","Crèmerie",400,"Crèmerie",400,"False","False","True","False","1.75",1,1,3,"True"
5,"ROISIN","long_product_name216","Bio","Crèmerie",500,"Crèmerie",500,"False","False","True","False","1.0",1,1,3,"True"
5,"ROISIN","long_product_name217","Bio","Crèmerie",600,"Crèmerie",600,"False","False","True","False","1.0",1,1,3,"True"
5,"ROISIN","long_product_name218","Bio","Crèmerie",700,"Crèmerie",700,"False","False","True","False","1.0",1,1,3,"True"
5,"ROISIN","long_product_name219","Bio","Crèmerie",800,"Crèmerie",800,"False","False","True","False","0.25",1,1,3,"True"
5,"ROISIN","long_product_name220","Bio","Crèmerie",900,"Crèmerie",900,"False","False","True","False","0.5",1,1,3,"True"
5,"ROISIN","long_product_name221","Bio","Crèmerie",1000,"Crèmerie",1000,"False","False","True","False","0.75",1,1,3,"True"
5,"ROISIN","long_product_name222","Bio","Crèmerie",1100,"Crèmerie",1100,"False","False","True","False","1.5",1,1,3,"True"
5,"ROISIN","long_product_name223","Bio","Pomme de terre",100,"Pomme de terre",100,"True","False","False","False","3.0","0.5","0.5",3,"True"
5,"ROISIN","long_product_name224","Bio","Pomme de terre",200,"Pomme de terre",200,"True","False","False","False","5.0","0.5","0.5",3,"True"
5,"ROISIN","long_product_name225","Bio","Pomme de terre",300,"Pomme de terre",300,"True","False","False","False","3.0","0.5","0.5",3,"True"
5,"ROISIN","long_product_name226","Bio","Pomme de terre",400,"Pomme de terre",400,"True","False","False","False","5.0","0.5","0.5",3,"True"
5,"BRUYERE","long_product_name227","Bio","Fromage – mélanges de laits",100,"Fromage – mélanges de laits",100,"False","False","True","True",20,"0.15","0.05","0.5","True"
5,"BRUYERE","long_product_name228","Bio","Fromage de brebis",100,"Fromage de brebis",100,"False","False","True","True",20,"0.15","0.05","0.5","True"
5,"BRUYERE","long_product_name229","Bio","Fromage de brebis",200,"Fromage de brebis",200,"False","False","True","True",20,"0.15","0.05","0.5","True"
5,"BRUYERE","long_product_name230","Bio","Fromage de brebis",300,"Fromage de brebis",300,"False","False","True","True",20,"0.15","0.05","0.5","True"
5,"BRUYERE","long_product_name231","Bio","Fromage de brebis",400,"Fromage de brebis",400,"False","False","True","True",2,1,1,3,"True"
5,"BRUYERE","long_product_name232","Bio","Fromage de brebis",500,"Fromage de brebis",500,"False","False","True","True",20,"0.15","0.05","0.5","True"
5,"BRUYERE","long_product_name233","Bio","Fromage de brebis",600,"Fromage de brebis",600,"False","False","True","True",20,"0.15","0.05","0.5","True"
5,"BRUYERE","long_product_name234","Bio","Fromage de chèvre ",100,"Fromage de chèvre ",100,"False","False","True","True",3,1,1,3,"True"
5,"BRUYERE","long_product_name235","Bio","Fromage de chèvre ",200,"Fromage de chèvre ",200,"False","False","True","True",3,1,1,3,"True"
5,"BRUYERE","long_product_name236","Bio","Fromage de chèvre ",300,"Fromage de chèvre ",300,"False","False","True","True",15,"0.15","0.05","0.5","True"
5,"BRUYERE","long_product_name237","Bio","Fromage de chèvre ",400,"Fromage de chèvre ",400,"False","False","True","True","2.5",1,1,3,"True"
5,"BRUYERE","long_product_name238","Bio","Fromage de vache",100,"Fromage de vache",100,"False","False","True","True",20,"0.15","0.05","0.5","True"
5,"BRUYERE","long_product_name239","Bio","Fromage de vache",200,"Fromage de vache",200,"False","False","True","True",15,"0.15","0.05","0.5","True"
5,"BRUYERE","long_product_name240","Bio","Fromage de vache",300,"Fromage de vache",300,"False","False","True","True",15,"0.15","0.05","0.5","True"
5,"BRUYERE","long_product_name241","Bio","Fromage de vache",400,"Fromage de vache",400,"False","False","True","True",5,1,1,3,"True"
5,"BRUYERE","long_product_name242","Bio","Fromage de vache",500,"Fromage de vache",500,"False","False","True","True",15,"0.15","0.05","0.5","True"
5,"BRUYERE","long_product_name243","Bio","Fromage de vache",600,"Fromage de vache",600,"False","False","True","True",15,"0.15","0.05","0.5","True"
5,"RAUCQ","long_product_name244","Bio","Crèmerie",100,"Crèmerie",100,"False","False","True","False","4.25",1,1,5,"True"
5,"RAUCQ","long_product_name245","Bio","Fromage de vache",100,"Fromage de vache",100,"False","False","True","False","1.5",1,1,3,"True"
5,"RAUCQ","long_product_name246","Bio","Fromage de vache",200,"Fromage de vache",200,"False","False","True","False","1.5",1,1,3,"True"
5,"RAUCQ","long_product_name247","Bio","Fromage de vache",300,"Fromage de vache",300,"False","False","True","True",14,"0.5","0.25",2,"True"
5,"RAUCQ","long_product_name248","Bio","Fromage de vache",400,"Fromage de vache",400,"False","False","True","False",6,1,1,3,"True"
5,"RAUCQ","long_product_name249","Bio","Fromage de vache",600,"Fromage de vache",600,"False","False","True","False","6.5",1,1,3,"True"
5,"RAUCQ","long_product_name250","Bio","Fromage de vache",700,"Fromage de vache",700,"False","False","True","False","6.5",1,1,3,"True"
5,"RAUCQ","long_product_name251","Bio","Fromage de vache",800,"Fromage de vache",800,"False","False","True","False","6.5",1,1,3,"True"
5,"RAUCQ","long_product_name252","Bio","Fromage de vache",900,"Fromage de vache",900,"False","False","True","False","6.5",1,1,3,"True"
5,"RAUCQ","long_product_name253","Bio","Fromage de vache",1000,"Fromage de vache",1000,"False","False","True","False","6.5",1,1,3,"True"
5,"HOSTIE","long_product_name254","Bio","Non classé",100,"Non classé",100,"False","False","True","False","1.1","0.5","0.5",3,"True"
5,"HOSTIE","long_product_name255","Bio","Non classé",200,"Non classé",200,"False","False","True","False","1.8",1,1,3,"True"
5,"HOSTIE","long_product_name256","Bio","Non classé",300,"Non classé",300,"False","False","True","False","1.8",1,1,3,"True"
5,"HOSTIE","long_product_name257","Bio","Non classé",400,"Non classé",400,"False","False","True","False","1.6",1,1,3,"True"
5,"HOSTIE","long_product_name258","Bio","Non classé",500,"Non classé",500,"False","False","True","False","1.6",1,1,3,"True"
5,"HOSTIE","long_product_name259","Bio","Non classé",600,"Non classé",600,"False","False","True","False","1.7",1,1,3,"True"
5,"HOSTIE","long_product_name260","Bio","Non classé",700,"Non classé",700,"False","False","True","False","1.5","0.5","0.5",3,"True"
5,"HOSTIE","long_product_name261","Bio","Non classé",800,"Non classé",800,"False","False","True","False","1.7","0.5","0.5",3,"True"
5,"HOSTIE","long_product_name262","Bio","Non classé",900,"Non classé",900,"False","False","True","False","2.7",1,1,3,"True"
5,"HOSTIE","long_product_name263","Bio","Non classé",1000,"Non classé",1000,"False","False","True","False","1.4","0.5","0.5",3,"True"
5,"HOSTIE","long_product_name264","Bio","Non classé",1100,"Non classé",1100,"False","False","True","False","0.9",1,1,3,"True"
5,"HOSTIE","long_product_name265","Bio","Non classé",1200,"Non classé",1200,"False","False","True","False","0.9",1,1,3,"True"
5,"HOSTIE","long_product_name266","Bio","Non classé",1300,"Non classé",1300,"False","False","True","False","2.5",1,1,3,"True"
5,"HOSTIE","long_product_name267","Bio","Poti",100,"Poti",100,"False","True","False","False","1.5",1,1,2,"True"
5,"HOSTIE","long_product_name268","Bio","Poti",200,"Poti",200,"False","True","False","False","1.5",1,1,2,"True"
5,"HOSTIE","long_product_name269","Bio","Poti",300,"Poti",300,"False","True","False","False",2,1,1,2,"True"
5,"HOSTIE","long_product_name270","Bio","Poti",400,"Poti",400,"False","True","False","False","1.5",1,1,2,"True"
5,"HOSTIE","long_product_name271","Bio","Poti",500,"Poti",500,"False","True","False","False","1.1",1,1,2,"True"
5,"HOSTIE","long_product_name272","Bio","Poti",600,"Poti",600,"False","True","False","False","1.1",1,1,2,"True"
5,"HOSTIE","long_product_name273","Bio","Poti",700,"Poti",700,"False","True","False","False","1.5",1,1,2,"True"
5,"HOSTIE","long_product_name274","Bio","Poti",800,"Poti",800,"False","True","False","False",2,1,1,2,"True"
5,"HOSTIE","long_product_name275","Bio","Verdurette et Salade",100,"Verdurette et Salade",100,"False","False","True","False","1.3","0.1","0.1","0.5","True"
5,"HOSTIE","long_product_name276","Bio","Verdurette et Salade",200,"Verdurette et Salade",200,"False","False","True","False","1.5","0.1","0.1","0.5","True"
4,"MOTTE","long_product_name277","Bio","Jus",100,"Jus",100,"False","False","True","False","3.2",1,1,6,"True"
4,"MOTTE","long_product_name278","Bio","Jus",200,"Jus",200,"False","False","True","False","4.2",1,1,6,"True"
4,"MOTTE","long_product_name279","Bio","Jus",300,"Jus",300,"False","False","True","False","4.2",1,1,6,"True"
4,"BLONDEEL","long_product_name280","Bio","Préparations à base de volaille",100,"Préparations à base de volaille",100,"False","False","True","True",18,1,1,5,"True"
4,"BLONDEEL","long_product_name281","Bio","Préparations à base de volaille",200,"Préparations à base de volaille",200,"False","False","True","False","0.9",1,1,5,"True"
4,"BLONDEEL","long_product_name282","Bio","Préparations à base de volaille",300,"Préparations à base de volaille",300,"False","False","True","False","0.9",1,1,5,"True"
4,"BLONDEEL","long_product_name283","Bio","Préparations à base de volaille",400,"Préparations à base de volaille",400,"False","False","True","True",20,"0.25","0.5",1,"True"
4,"BLONDEEL","long_product_name284","Bio","Préparations à base de volaille",500,"Préparations à base de volaille",500,"False","False","True","False","2.4",1,1,5,"True"
4,"BLONDEEL","long_product_name285","Bio","Préparations à base de volaille",600,"Préparations à base de volaille",600,"False","False","True","True",11,"0.25","0.5",1,"True"
4,"BLONDEEL","long_product_name286","Plein air, grain bio","Préparations à base de volaille",700,"Préparations à base de volaille",700,"False","False","True","True","9.95",1,1,2,"True"
4,"BLONDEEL","long_product_name287","Plein air, grain bio","Préparations à base de volaille",800,"Préparations à base de volaille",800,"False","False","True","True",17,1,1,5,"True"
4,"BLONDEEL","long_product_name288","Plein air, grain bio","Préparations à base de volaille",900,"Préparations à base de volaille",900,"False","False","True","False","4.75",1,1,5,"True"
4,"BLONDEEL","long_product_name289","Plein air, grain bio","Volaille",100,"Volaille",100,"False","True","False","True","17.5",1,1,4,"True"
4,"BLONDEEL","long_product_name290","Plein air, grain bio","Volaille",200,"Volaille",200,"False","True","False","True","4.5",1,1,2,"True"
4,"BLONDEEL","long_product_name291","Plein air, grain bio","Volaille",300,"Volaille",300,"False","True","False","True","8.3",1,1,2,"True"
4,"BLONDEEL","long_product_name292","Plein air, grain bio","Volaille",400,"Volaille",400,"False","True","False","True","9.95",1,1,4,"True"
4,"BLONDEEL","long_product_name293","Plein air, grain bio","Volaille",500,"Volaille",500,"False","True","False","True","22.1",1,1,4,"True"
4,"BRUYERE","long_product_name294","Bio","Fromage – mélanges de laits",100,"Fromage – mélanges de laits",100,"False","False","True","True",20,"0.15","0.05","0.5","True"
4,"BRUYERE","long_product_name295","Bio","Fromage de brebis",100,"Fromage de brebis",100,"False","False","True","True",20,"0.15","0.05","0.5","True"
4,"BRUYERE","long_product_name296","Bio","Fromage de brebis",200,"Fromage de brebis",200,"False","False","True","True",20,"0.15","0.05","0.5","True"
4,"BRUYERE","long_product_name297","Bio","Fromage de brebis",300,"Fromage de brebis",300,"False","False","True","True",20,"0.15","0.05","0.5","True"
4,"BRUYERE","long_product_name298","Bio","Fromage de brebis",400,"Fromage de brebis",400,"False","False","True","True",2,1,1,3,"True"
4,"BRUYERE","long_product_name299","Bio","Fromage de brebis",500,"Fromage de brebis",500,"False","False","True","True",20,"0.15","0.05","0.5","True"
4,"BRUYERE","long_product_name300","Bio","Fromage de brebis",600,"Fromage de brebis",600,"False","False","True","True",20,"0.15","0.05","0.5","True"
4,"BRUYERE","long_product_name301","Bio","Fromage de chèvre ",100,"Fromage de chèvre ",100,"False","False","True","True",3,1,1,3,"True"
4,"BRUYERE","long_product_name302","Bio","Fromage de chèvre ",200,"Fromage de chèvre ",200,"False","False","True","True",3,1,1,3,"True"
4,"BRUYERE","long_product_name303","Bio","Fromage de chèvre ",300,"Fromage de chèvre ",300,"False","False","True","True",15,"0.15","0.05","0.5","True"
4,"BRUYERE","long_product_name304","Bio","Fromage de chèvre ",400,"Fromage de chèvre ",400,"False","False","True","True","2.5",1,1,3,"True"
4,"BRUYERE","long_product_name305","Bio","Fromage de vache",100,"Fromage de vache",100,"False","False","True","True",20,"0.15","0.05","0.5","True"
4,"BRUYERE","long_product_name306","Bio","Fromage de vache",200,"Fromage de vache",200,"False","False","True","True",15,"0.15","0.05","0.5","True"
4,"BRUYERE","long_product_name307","Bio","Fromage de vache",300,"Fromage de vache",300,"False","False","True","True",15,"0.15","0.05","0.5","True"
4,"BRUYERE","long_product_name308","Bio","Fromage de vache",400,"Fromage de vache",400,"False","False","True","True",5,1,1,3,"True"
4,"BRUYERE","long_product_name309","Bio","Fromage de vache",500,"Fromage de vache",500,"False","False","True","True",15,"0.15","0.05","0.5","True"
4,"BRUYERE","long_product_name310","Bio","Fromage de vache",600,"Fromage de vache",600,"False","False","True","True",15,"0.15","0.05","0.5","True"
4,"CAUCHIE","long_product_name311","Bio","Agrume de Sicile",100,"Agrume de Sicile",100,"False","False","True","False","1.9","0.5","0.5",3,"True"
4,"CAUCHIE","long_product_name312","Bio","Agrume de Sicile",200,"Agrume de Sicile",200,"False","False","True","False","2.2","0.5","0.5",5,"True"
4,"DORLOU","long_product_name313","Bio","Crèmerie",100,"Crèmerie",100,"False","False","True","False","0.95",1,1,5,"True"
4,"DORLOU","long_product_name314","Bio","Crèmerie",200,"Crèmerie",200,"False","False","True","False",1,1,1,5,"True"
4,"DORLOU","long_product_name315","Bio","Crèmerie",300,"Crèmerie",300,"False","False","True","False","1.9",1,1,5,"True"
4,"DORLOU","long_product_name316","Bio","Crèmerie",400,"Crèmerie",400,"False","False","True","False","1.65",1,1,5,"True"
4,"DORLOU","long_product_name317","Bio","Crèmerie ",500,"Crèmerie ",500,"False","False","True","False","2.25",1,1,5,"True"
4,"DORLOU","long_product_name318","Bio","Crèmerie ",600,"Crèmerie ",600,"False","False","True","False","2.25",1,1,5,"True"
4,"DORLOU","long_product_name319","Bio","Crèmerie ",700,"Crèmerie ",700,"False","False","True","False","1.65",1,1,5,"True"
4,"DORLOU","long_product_name320","Bio","Fromage de chèvre ",100,"Fromage de chèvre ",100,"False","False","True","True",24,"0.25","0.05","0.5","True"
4,"DORLOU","long_product_name321","Bio","Fromage de chèvre ",200,"Fromage de chèvre ",200,"False","False","True","False","1.65",1,1,3,"True"
4,"DORLOU","long_product_name322","Bio","Fromage de vache",100,"Fromage de vache",100,"False","False","True","False","1.65",1,1,3,"True"
4,"DORLOU","long_product_name323","Bio","Fromage de vache",200,"Fromage de vache",200,"False","False","True","True","11.5","0.25","0.05","0.5","True"
4,"DORLOU","long_product_name324","Bio","Fromage de vache",300,"Fromage de vache",300,"False","False","True","True",20,"0.25","0.05","0.5","True"
4,"DORLOU","long_product_name325","Bio","Fromage de vache",400,"Fromage de vache",400,"False","False","True","True","14.5","0.25","0.05","0.5","True"
4,"DORLOU","long_product_name326","Bio","Fromage de vache",500,"Fromage de vache",500,"False","False","True","True","17.5","0.25","0.05","0.5","True"
4,"DORLOU","long_product_name327","Bio","Fruits",100,"Fruits",100,"False","False","True","False","2.5","0.5","0.5",5,"True"
4,"DORLOU","long_product_name328","Bio","Jus",100,"Jus",100,"False","False","True","False","2.5",1,1,6,"True"
4,"DORLOU","long_product_name329","Bio","Lasagnes et pizza's",100,"Lasagnes et pizza's",100,"False","False","True","False",5,1,1,3,"True"
4,"DORLOU","long_product_name330","Bio","Lasagnes et pizza's",200,"Lasagnes et pizza's",200,"False","False","True","False",7,1,1,3,"True"
4,"DORLOU","long_product_name331","Plein air, grain bio","Volaille",100,"Volaille",100,"False","False","True","True",20,1,1,4,"True"
4,"DORLOU","long_product_name332","Plein air, grain bio","Volaille",200,"Volaille",200,"False","False","True","True","11.3",1,1,4,"True"
4,"FOURMANOY","long_product_name333","Farine bio","Farine",100,"Farine",100,"False","False","True","False","3.3",1,1,3,"True"
4,"FOURMANOY","long_product_name334","Farine bio","Farine",200,"Farine",200,"False","False","True","False","3.3",1,1,3,"True"
4,"FOURMANOY","long_product_name335","Farine bio","Pain",100,"Pain",100,"False","False","True","False","3.95",1,1,3,"True"
4,"FOURMANOY","long_product_name336","Farine bio","Pain",200,"Pain",200,"False","False","True","False","3.85",1,1,3,"True"
4,"FOURMANOY","long_product_name337","Farine bio","Pain",300,"Pain",300,"False","False","True","False","3.4",1,1,3,"True"
4,"FOURMANOY","long_product_name338","Farine bio","Pain",400,"Pain",400,"False","False","True","False","1.85",1,1,3,"True"
4,"FOURMANOY","long_product_name339","Farine bio","Pain",500,"Pain",500,"False","False","True","False","2.8",1,1,3,"True"
4,"FOURMANOY","long_product_name340","Farine bio","Pain",600,"Pain",600,"False","False","True","False","2.8",1,1,3,"True"
4,"FOURMANOY","long_product_name341","Farine bio","Pain",700,"Pain",700,"False","False","True","False","2.3",1,1,3,"True"
4,"FOURMANOY","long_product_name342","Farine bio","Pain",800,"Pain",800,"False","False","True","False","2.3",1,1,3,"True"
4,"FOURMANOY","long_product_name343","Farine bio","Pain",900,"Pain",900,"False","False","True","False","2.2",1,1,3,"True"
4,"FOURMANOY","long_product_name344","Farine bio","Pain",1000,"Pain",1000,"False","False","True","False","2.3",1,1,3,"True"
4,"FOURMANOY","long_product_name345","Farine bio","Pain",1100,"Pain",1100,"False","False","True","False","2.25",1,1,3,"True"
4,"FOURMANOY","long_product_name346","Farine bio","Pain",1200,"Pain",1200,"False","False","True","False","2.35",1,1,3,"True"
4,"FOURMANOY","long_product_name347","Farine bio","Pain",1300,"Pain",1300,"False","False","True","False","2.35",1,1,3,"True"
4,"FOURMANOY","long_product_name348","Farine bio","Pain",1400,"Pain",1400,"False","False","True","False","0.35",1,1,3,"True"
4,"FOURMANOY","long_product_name349","Farine bio","Proposition de la semaine",100,"Proposition de la semaine",100,"False","False","True","False","4.9",1,1,2,"True"
4,"FOURMANOY","long_product_name350","Farine bio","Proposition de la semaine",200,"Proposition de la semaine",200,"False","False","True","False","7.5",1,1,2,"True"
4,"FOURMANOY","long_product_name351","Farine bio","Proposition de la semaine",300,"Proposition de la semaine",300,"False","False","True","False",4,1,1,6,"True"
4,"FOURMANOY","long_product_name352","Farine bio","Proposition de la semaine",400,"Proposition de la semaine",400,"False","False","True","False",2,1,1,6,"True"
4,"FOURMANOY","long_product_name353","Farine bio","Proposition de la semaine",500,"Proposition de la semaine",500,"False","False","True","False","1.25",1,1,6,"True"
4,"FOURMANOY","long_product_name354","Farine bio","Tartes",600,"Tartes",600,"False","False","True","False","4.8",1,1,2,"True"
4,"FOURMANOY","long_product_name355",,"Transport",100,"Transport",100,"False","False","True","False","2.5",1,1,1,"True"
4,"FRISHKORN","long_product_name356","Bio","Hof Seghers",100,"Hof Seghers",100,"False","False","True","False","1.35","0.5","0.5",5,"True"
4,"FRISHKORN","long_product_name357","Bio","Hof Seghers",200,"Hof Seghers",200,"False","False","True","False","1.35",1,1,5,"True"
4,"FRISHKORN","long_product_name358","Bio","Hof Seghers",300,"Hof Seghers",300,"False","False","True","False","1.35","0.5","0.5",5,"True"
4,"FRISHKORN","long_product_name359","Bio","Hof Seghers",400,"Hof Seghers",400,"False","False","True","False","1.8",1,1,3,"True"
4,"FRISHKORN","long_product_name360","Bio","Hof Seghers",500,"Hof Seghers",500,"False","False","True","False","2.7","0.5","0.5",5,"True"
4,"FRISHKORN","long_product_name361","Bio","Hof Seghers",600,"Hof Seghers",600,"False","False","True","False","1.17","0.5","0.5",5,"True"
4,"FRISHKORN","long_product_name362","Bio","Hof Seghers",700,"Hof Seghers",700,"False","False","True","False","1.17","0.5","0.5",5,"True"
4,"FRISHKORN","long_product_name363","Bio","Hof Seghers",800,"Hof Seghers",800,"False","False","True","False","1.8","0.25","0.5",2,"True"
4,"FRISHKORN","long_product_name364","Bio","Non classé",100,"Non classé",100,"False","False","True","False","1.35",1,1,3,"True"
4,"FRISHKORN","long_product_name365","Bio","Non classé",200,"Non classé",200,"False","False","True","False","1.8","0.5","0.5",5,"True"
4,"FRISHKORN","long_product_name366","Bio","Non classé",300,"Non classé",300,"False","False","True","False","0.99",1,1,3,"True"
4,"FRISHKORN","long_product_name367","Bio","Non classé",400,"Non classé",400,"False","False","True","False","1.26",1,1,3,"True"
4,"FRISHKORN","long_product_name368","Bio","Non classé",500,"Non classé",500,"False","False","True","False","1.35",1,1,3,"True"
4,"FRISHKORN","long_product_name369","Bio","Non classé",600,"Non classé",600,"False","False","True","False","1.62",1,1,3,"True"
4,"FRISHKORN","long_product_name370","Bio","Non classé",700,"Non classé",700,"False","False","True","False","1.35",1,1,3,"True"
4,"FRISHKORN","long_product_name371","Bio","Non classé",800,"Non classé",800,"False","False","True","False","3.15",1,1,3,"True"
4,"FRISHKORN","long_product_name372","Bio","Non classé",900,"Non classé",900,"False","False","True","False","1.8",1,1,3,"True"
4,"FRISHKORN","long_product_name373","Bio","Non classé",1000,"Non classé",1000,"False","False","True","False","1.26",1,1,3,"True"
4,"FRISHKORN","long_product_name374","Bio","Non classé",1100,"Non classé",1100,"False","False","True","False","1.8","0.5","0.5",5,"True"
4,"FRISHKORN","long_product_name375","Bio","Non classé",1200,"Non classé",1200,"False","False","True","False","1.35","0.5","0.5",5,"True"
4,"FRISHKORN","long_product_name376","Bio","Non classé",1300,"Non classé",1300,"False","False","True","False","1.35",1,1,3,"True"
4,"FRISHKORN","long_product_name377","Bio","Non classé",1400,"Non classé",1400,"False","False","True","False","4.5","0.5","0.5",5,"True"
4,"FRISHKORN","long_product_name378","Bio","Non classé",1500,"Non classé",1500,"False","True","False","False","1.8",1,1,3,"True"
4,"FRISHKORN","long_product_name379","Bio","Non classé",1600,"Non classé",1600,"False","False","True","False","1.35",1,1,3,"True"
4,"FRISHKORN","long_product_name380","Bio","Verdurette et Salade",100,"Verdurette et Salade",100,"False","False","True","False","0.99",1,1,3,"True"
4,"FRISHKORN","long_product_name381","Bio","Verdurette et Salade",200,"Verdurette et Salade",200,"False","False","True","False","0.99",1,1,3,"True"
4,"FRISHKORN","long_product_name382","Bio","Verdurette et Salade",300,"Verdurette et Salade",300,"False","False","True","False",10,"0.1","0.1","0.5","True"
4,"FRISHKORN","long_product_name383","Bio","Verdurette et Salade",400,"Verdurette et Salade",400,"False","False","True","False","0.99",1,1,3,"True"
4,"FRISHKORN","long_product_name384","Bio","Verdurette et Salade",500,"Verdurette et Salade",500,"False","False","True","False","0.99",1,1,3,"True"
4,"FRISHKORN","long_product_name385","Bio","Verdurette et Salade",600,"Verdurette et Salade",600,"False","False","True","False","0.99",1,1,3,"True"
4,"FRISHKORN","long_product_name386","Bio","Verdurette et Salade",700,"Verdurette et Salade",700,"False","False","True","False","1.26",1,1,3,"True"
4,"FRISHKORN","long_product_name387","Bio","Verdurette et Salade",800,"Verdurette et Salade",800,"False","False","True","False","0.99",1,1,3,"True"
4,"HOSTIE","long_product_name388","Bio","Non classé",100,"Non classé",100,"False","False","True","False","1.1","0.5","0.5",3,"True"
4,"HOSTIE","long_product_name389","Bio","Non classé",200,"Non classé",200,"False","False","True","False","1.8",1,1,3,"True"
4,"HOSTIE","long_product_name390","Bio","Non classé",300,"Non classé",300,"False","False","True","False","1.8",1,1,3,"True"
4,"HOSTIE","long_product_name391","Bio","Non classé",400,"Non classé",400,"False","False","True","False","1.6",1,1,3,"True"
4,"HOSTIE","long_product_name392","Bio","Non classé",500,"Non classé",500,"False","False","True","False","1.6",1,1,3,"True"
4,"HOSTIE","long_product_name393","Bio","Non classé",600,"Non classé",600,"False","False","True","False","1.7",1,1,3,"True"
4,"HOSTIE","long_product_name394","Bio","Non classé",700,"Non classé",700,"False","False","True","False","1.5","0.5","0.5",3,"True"
4,"HOSTIE","long_product_name395","Bio","Non classé",800,"Non classé",800,"False","False","True","False","1.7","0.5","0.5",3,"True"
4,"HOSTIE","long_product_name396","Bio","Non classé",900,"Non classé",900,"False","False","True","False","2.7",1,1,3,"True"
4,"HOSTIE","long_product_name397","Bio","Non classé",1000,"Non classé",1000,"False","False","True","False","1.4","0.5","0.5",3,"True"
4,"HOSTIE","long_product_name398","Bio","Non classé",1100,"Non classé",1100,"False","False","True","False","0.9",1,1,3,"True"
4,"HOSTIE","long_product_name399","Bio","Non classé",1200,"Non classé",1200,"False","False","True","False","0.9",1,1,3,"True"
4,"HOSTIE","long_product_name400","Bio","Non classé",1300,"Non classé",1300,"False","False","True","False","2.5",1,1,3,"True"
4,"HOSTIE","long_product_name401","Bio","Poti",100,"Poti",100,"False","True","False","False","1.5",1,1,2,"True"
4,"HOSTIE","long_product_name402","Bio","Poti",200,"Poti",200,"False","True","False","False","1.5",1,1,2,"True"
4,"HOSTIE","long_product_name403","Bio","Poti",300,"Poti",300,"False","True","False","False",2,1,1,2,"True"
4,"HOSTIE","long_product_name404","Bio","Poti",400,"Poti",400,"False","True","False","False","1.5",1,1,2,"True"
4,"HOSTIE","long_product_name405","Bio","Poti",500,"Poti",500,"False","True","False","False","1.1",1,1,2,"True"
4,"HOSTIE","long_product_name406","Bio","Poti",600,"Poti",600,"False","True","False","False","1.1",1,1,2,"True"
4,"HOSTIE","long_product_name407","Bio","Poti",700,"Poti",700,"False","True","False","False","1.5",1,1,2,"True"
4,"HOSTIE","long_product_name408","Bio","Poti",800,"Poti",800,"False","True","False","False",2,1,1,2,"True"
4,"HOSTIE","long_product_name409","Bio","Verdurette et Salade",100,"Verdurette et Salade",100,"False","False","True","False","1.3","0.1","0.1","0.5","True"
4,"HOSTIE","long_product_name410","Bio","Verdurette et Salade",200,"Verdurette et Salade",200,"False","False","True","False","1.5","0.1","0.1","0.5","True"
4,"MOTTE","long_product_name411","Bio","Jus",100,"Jus",100,"False","False","True","False","3.2",1,1,6,"True"
4,"MOTTE","long_product_name412","Bio","Jus",200,"Jus",200,"False","False","True","False","4.2",1,1,6,"True"
4,"MOTTE","long_product_name413","Bio","Jus",300,"Jus",300,"False","False","True","False","4.2",1,1,6,"True"
4,"MOULIN","long_product_name414","Bio","Crèmerie",100,"Crèmerie",100,"False","False","True","False","4.25",1,1,5,"True"
4,"MOULIN","long_product_name415","Bio","Crèmerie",200,"Crèmerie",200,"False","False","True","False","2.25",1,1,5,"True"
4,"MOULIN","long_product_name416","Bio","Crèmerie",300,"Crèmerie",300,"False","False","True","False","4.25",1,1,5,"True"
4,"MOULIN","long_product_name417","Bio","Crèmerie",400,"Crèmerie",400,"False","False","True","False","2.25",1,1,5,"True"
4,"MOULIN","long_product_name418","Bio","Crèmerie",500,"Crèmerie",500,"False","False","True","False","4.25",1,1,5,"True"
4,"MOULIN","long_product_name419","Bio","Crèmerie",600,"Crèmerie",600,"False","False","True","False",2,1,1,5,"True"
4,"MOULIN","long_product_name420","Bio","Crèmerie",700,"Crèmerie",700,"False","False","True","False",2,1,1,5,"True"
4,"MOULIN","long_product_name421","Bio","Crèmerie",800,"Crèmerie",800,"False","False","True","False",2,1,1,5,"True"
4,"MOULIN","long_product_name422","Bio","Crèmerie",900,"Crèmerie",900,"False","False","True","False",2,1,1,5,"True"
4,"MOULIN","long_product_name423","Bio","Crèmerie",1000,"Crèmerie",1000,"False","False","True","False",1,1,1,5,"True"
4,"MOULIN","long_product_name424","Bio","Crèmerie",1100,"Crèmerie",1100,"False","False","True","False","1.5",1,1,5,"True"
4,"MOULIN","long_product_name425","Bio","Crèmerie",1200,"Crèmerie",1200,"False","False","True","False","2.1",1,1,5,"True"
4,"MOULIN","long_product_name426","Bio","Crèmerie",1300,"Crèmerie",1300,"False","False","True","False","1.5",1,1,5,"True"
4,"MOULIN","long_product_name427","Bio","Crèmerie",1500,"Crèmerie",1500,"False","False","True","False","2.25",1,1,5,"True"
4,"MOULIN","long_product_name428","Bio","Crèmerie",1600,"Crèmerie",1600,"False","False","True","False","2.25",1,1,5,"True"
4,"MOULIN","long_product_name429","Bio","Glace",100,"Glace",100,"False","False","True","False","1.5",1,1,6,"True"
4,"MOULIN","long_product_name430","Bio","Glace",200,"Glace",200,"False","False","True","False","1.5",1,1,6,"True"
4,"MOULIN","long_product_name431","Bio","Glace",300,"Glace",300,"False","False","True","False","6.5",1,1,3,"True"
4,"MOULIN","long_product_name432","Bio","Saucisson ",100,"Saucisson ",100,"False","False","True","False",8,1,1,3,"True"
4,"MOULIN","long_product_name433","Plein air, grain bio","Volaille congelée",100,"Volaille congelée",100,"False","True","False","True","7.5",1,1,2,"True"
4,"MOULIN","long_product_name434","Plein air, grain bio","Volaille congelée",200,"Volaille congelée",200,"False","True","False","True","7.5",1,1,2,"True"
4,"POM D'HAPPY","long_product_name435","Bio","Jus",100,"Jus",100,"False","False","True","False","2.3",1,1,6,"True"
4,"POM D'HAPPY","long_product_name436","Bio","Jus",200,"Jus",200,"False","False","True","False","2.3",1,1,6,"True"
4,"POM D'HAPPY","long_product_name437","Bio","Poire",100,"Poire",100,"False","False","True","False","1.5","0.5","0.5",3,"True"
4,"POM D'HAPPY","long_product_name438","Bio","Poire",200,"Poire",200,"False","False","True","False","1.5","0.5","0.5",3,"True"
4,"POM D'HAPPY","long_product_name439","Bio","Poire",300,"Poire",300,"False","False","True","False","1.5","0.5","0.5",3,"True"
4,"POM D'HAPPY","long_product_name440","Bio","Poire",400,"Poire",400,"False","False","True","False","1.5","0.5","0.5",3,"True"
4,"POM D'HAPPY","long_product_name441","Bio","Poire",500,"Poire",500,"False","False","True","False","1.5","0.5","0.5",3,"True"
4,"POM D'HAPPY","long_product_name442","Bio","Poire",600,"Poire",600,"False","False","True","False","1.5","0.5","0.5",3,"True"
4,"POM D'HAPPY","long_product_name443","Bio","Pomme",100,"Pomme",100,"False","False","True","False","1.2","0.5","0.5",3,"True"
4,"POM D'HAPPY","long_product_name444","Bio","Pomme",200,"Pomme",200,"False","False","True","False","1.5","0.5","0.5",3,"True"
4,"POM D'HAPPY","long_product_name445","Bio","Pomme",300,"Pomme",300,"False","False","True","False","1.2","0.5","0.5",3,"True"
4,"POM D'HAPPY","long_product_name446","Bio","Pomme",400,"Pomme",400,"False","False","True","False","1.2","0.5","0.5",3,"True"
4,"POM D'HAPPY","long_product_name447","Bio","Pomme",500,"Pomme",500,"False","False","True","False","1.2","0.5","0.5",3,"True"
4,"POM D'HAPPY","long_product_name448","Bio","Pomme",600,"Pomme",600,"False","False","True","False","1.2","0.5","0.5",3,"True"
4,"POM D'HAPPY","long_product_name449","Bio","Pomme",700,"Pomme",700,"False","False","True","False","1.5","0.5","0.5",3,"True"
4,"POM D'HAPPY","long_product_name450","Bio","Pomme",800,"Pomme",800,"False","False","True","False","1.5","0.5","0.5",3,"True"
4,"PORTOIS","long_product_name451","Bio","Pomme",100,"Pomme",100,"False","False","True","False",2,"0.5","0.5",3,"True"
4,"PORTOIS","long_product_name452","Bio","Pomme",200,"Pomme",200,"False","False","True","False","1.5","0.5","0.5",3,"True"
4,"PORTOIS","long_product_name453","Bio","Pomme",300,"Pomme",300,"False","False","True","False",2,"0.5","0.5",3,"True"
4,"PORTOIS","long_product_name454","Bio","Pomme",400,"Pomme",400,"False","False","True","False",2,"0.5","0.5",3,"True"
4,"PORTOIS","long_product_name455","Bio","Pomme",500,"Pomme",500,"False","False","True","False","1.5","0.5","0.5",3,"True"
4,"PORTOIS","long_product_name456","Bio","Pomme",600,"Pomme",600,"False","False","True","False",2,"0.5","0.5",3,"True"
4,"PORTOIS","long_product_name457","Bio","Pomme",700,"Pomme",700,"False","False","True","False","1.5","0.5","0.5",3,"True"
4,"RAUCQ","long_product_name458","Bio","Crèmerie",100,"Crèmerie",100,"False","False","True","False","4.25",1,1,5,"True"
4,"RAUCQ","long_product_name459","Bio","Fromage de vache",100,"Fromage de vache",100,"False","False","True","False","1.5",1,1,3,"True"
4,"RAUCQ","long_product_name460","Bio","Fromage de vache",200,"Fromage de vache",200,"False","False","True","False","1.5",1,1,3,"True"
4,"RAUCQ","long_product_name461","Bio","Fromage de vache",300,"Fromage de vache",300,"False","False","True","True",14,"0.5","0.25",2,"True"
4,"RAUCQ","long_product_name462","Bio","Fromage de vache",400,"Fromage de vache",400,"False","False","True","False",6,1,1,3,"True"
4,"RAUCQ","long_product_name463","Bio","Fromage de vache",600,"Fromage de vache",600,"False","False","True","False","6.5",1,1,3,"True"
4,"RAUCQ","long_product_name464","Bio","Fromage de vache",700,"Fromage de vache",700,"False","False","True","False","6.5",1,1,3,"True"
4,"RAUCQ","long_product_name465","Bio","Fromage de vache",800,"Fromage de vache",800,"False","False","True","False","6.5",1,1,3,"True"
4,"RAUCQ","long_product_name466","Bio","Fromage de vache",900,"Fromage de vache",900,"False","False","True","False","6.5",1,1,3,"True"
4,"RAUCQ","long_product_name467","Bio","Fromage de vache",1000,"Fromage de vache",1000,"False","False","True","False","6.5",1,1,3,"True"
